Algorithm,Community (ID),Subreddit (Best Match),Score (Matching words),Keywords Community (Algorithm),Keywords Subreddit (Reality)
Leiden,1,Brawlstars,9/20,"new, got, deck, brawl, brawler, reddit, rules, low, cards, evo, better, yeah, removed, supercell, bad, level, brawlers, pass, stars, buffies","brawlstars, questions, removed, rules, brawler, contact, brawl, thread, automatically, new, reddit, got, mega, low, using, wiki, discussion, brawlers, bot, moderators"
Leiden,19,ffxiv,4/20,"ship, planet, freighter, save, base, space, build, expedition, corvette, ll, new, class, ships, systems, planets, sun, got, look, station, things","content, going, ll, ddos, new, level, lot, actually, doing, doesn, point, story, did, ffxiv, got, thing, things, tank, say, isn"
Leiden,21,skyrim,4/20,"skyrim, bugs, said, mods, mod, thats, fps, dont, actually, smosh, far, look, jizz, youre, comment, 60, 360, mean, joke, im","skyrim, armor, mod, mods, level, quest, ll, got, did, lol, character, empire, actually, right, doesn, ulfric, better, kill, going, didn"
Leiden,6,Destiny,20/20,"trump, right, shit, going, did, bad, actually, country, say, maduro, venezuela, doesn, war, thing, said, fucking, point, world, does, power","trump, right, shit, going, did, bad, country, actually, say, maduro, venezuela, doesn, war, thing, said, fucking, point, world, does, power"
Leiden,4,Battlefield,20/20,"maps, battlefield, bf6, map, better, lol, bad, got, team, did, actually, new, player, bf, yeah, doesn, fun, cod, shit, point","maps, battlefield, bf6, map, better, lol, bad, got, team, bf, did, actually, player, new, cod, yeah, doesn, fun, shit, point"
Leiden,9,Minecraft,20/20,"comment, minecraft, quality, purpose, downvote, rules, breaks, does, fit, poor, fits, upvote, report, submission, reason, removal, 3a, removed, __, 0a","comment, minecraft, quality, purpose, downvote, rules, breaks, does, fit, poor, upvote, fits, report, submission, reason, removal, 3a, removed, __, 0a"
Leiden,17,MonsterHunter,20/20,"monster, wilds, monsters, world, hunter, rise, fight, better, new, mh, got, doesn, did, lot, actually, damage, ll, weapon, yeah, pretty","monster, wilds, monsters, world, hunter, rise, fight, better, mh, new, got, lot, did, doesn, damage, weapon, ll, actually, pretty, yeah"
Leiden,7,deadbydaylight,19/20,"killer, survivor, survivors, seconds, killers, fog, perks, unsummon, drawn, optout, dbd, fun, power, perk, new, got, ll, better, lol, doesn","killer, survivor, survivors, seconds, killers, fog, perks, unsummon, drawn, optout, dbd, perk, fun, power, new, got, ll, better, lol, actually"
Leiden,5,2007scape,19/20,"lol, content, got, account, did, doing, new, going, yeah, jagex, osrs, ll, better, bots, getting, actually, xp, sure, hours, point","content, lol, got, account, did, doing, new, going, osrs, jagex, yeah, xp, getting, bots, ll, actually, better, hours, sure, lot"
Leiden,12,ffxiv,19/20,"going, content, ll, new, ddos, level, lot, doesn, actually, doing, story, point, did, got, say, thing, isn, things, right, tank","content, going, ll, ddos, new, level, lot, actually, doing, doesn, point, story, did, ffxiv, got, thing, things, tank, say, isn"
Leiden,14,DotA2,19/20,"dota, hero, team, score, heroes, lane, damage, doesn, mmr, enemy, items, better, mid, lol, bad, actually, lot, support, got, does","dota, team, hero, score, lane, heroes, damage, doesn, mmr, enemy, mid, items, better, lol, support, lot, actually, bad, win, got"
Leiden,20,chess,19/20,"chess, position, magnus, world, moderators, player, best, moves, save, rating, classical, removed, comment, better, hikaru, engine, white, doesn, submission, black","chess, position, magnus, moderators, world, moves, best, player, rating, save, classical, removed, better, comment, white, lichess, hikaru, engine, black, doesn"
Leiden,11,skyrim,18/20,"skyrim, armor, level, quest, ll, mods, mod, did, got, lol, character, better, actually, doesn, damage, right, kill, going, empire, lot","skyrim, armor, mod, mods, level, quest, ll, got, did, lol, character, empire, actually, right, doesn, ulfric, better, kill, going, didn"
Leiden,16,DnD,18/20,"dm, character, level, rules, spell, player, party, going, things, spells, say, ll, fun, new, doesn, magic, campaign, lot, characters, maybe","character, dm, rules, level, spell, player, dnd, party, new, things, going, spells, characters, say, campaign, fun, ll, magic, does, doesn"
Leiden,0,Genshin_Impact,17/20,"characters, character, team, new, columbina, better, got, genshin, story, ll, ineffa, doesn, did, dps, actually, damage, does, lot, probably, yeah","characters, character, team, columbina, new, ineffa, genshin, got, better, does, ll, story, reason, process, doesn, did, review, damage, actually, dps"
Leiden,18,residentevil,17/20,"leon, remake, chris, evil, resident, re4, story, ada, did, capcom, original, character, lol, didn, doesn, og, jill, different, got, say","leon, remake, evil, chris, resident, re4, story, ada, character, capcom, did, didn, jill, original, lol, og, horror, ll, say, yeah"
Leiden,15,leagueoflegends,14/20,"doesn, team, league, better, damage, riot, lot, player, new, say, got, actually, going, lol, lane, support, does, thing, win, elo","team, league, doesn, better, damage, riot, leagueoflegends, read, removed, automatically, player, new, lot, rules, got, 100, lane, lol, actually, say"
Leiden,2,Overwatch,13/20,"questions, automatically, moderators, bot, action, contact, concerns, performed, compose, overwatch, posts, rules, spoilers, removed, flair, spoiler, bug, help, temple, new","overwatch, automatically, posts, questions, action, bot, following, concerns, contact, moderators, performed, compose, team, rules, common, bugs, patch, report, bug, information"
Leiden,13,BaldursGate3,13/20,"act, character, did, run, party, ll, level, doesn, fight, evil, didn, gale, astarion, lot, long, things, going, got, yeah, kill","act, character, hot, did, check, action, run, baldursgate3, party, evil, ll, level, questions, fight, doesn, astarion, read, gale, didn, feel"
Leiden,8,FortNiteBR,12/20,"skin, fortnite, epic, skins, got, season, lol, new, free, yeah, player, did, ll, better, didn, getting, actually, fun, buy, chapter","epic, fortnite, skin, skins, season, got, bot, questions, lol, player, free, team, new, contact, automatically, did, yeah, action, fortnitebr, performed"
Leiden,3,xbox,10/20,"xbox, switch, support, removed, new, issues, better, help, console, ll, going, years, community, got, doesn, did, pc, buy, ps5, didn","xbox, support, issues, following, community, help, page, series, buy, console, program, posts, reason, potential, ll, contact, peer, pc, removed, thank"
Leiden,10,Battlefield,10/20,"team, tank, dps, support, better, doesn, hero, lol, damage, got, mercy, actually, right, point, new, vendetta, rank, say, yeah, bad","maps, battlefield, bf6, map, better, lol, bad, got, team, bf, did, actually, player, new, cod, yeah, doesn, fun, shit, point"
Louvain,19,Brawlstars,9/20,"new, got, deck, brawl, brawler, reddit, rules, low, cards, evo, better, yeah, removed, bad, supercell, level, brawlers, pass, stars, posts","brawlstars, questions, removed, rules, brawler, contact, brawl, thread, automatically, new, reddit, got, mega, low, using, wiki, discussion, brawlers, bot, moderators"
Louvain,9,2007scape,8/20,"switch, leon, remake, new, better, did, got, removed, doesn, didn, ll, lol, ps5, played, nintendo, does, yeah, going, say, comment","content, lol, got, account, did, doing, new, going, osrs, jagex, yeah, xp, getting, bots, ll, actually, better, hours, sure, lot"
Louvain,15,skyrim,4/20,"skyrim, bugs, said, mods, mod, thats, fps, dont, actually, smosh, far, look, jizz, youre, comment, 60, 360, mean, joke, im","skyrim, armor, mod, mods, level, quest, ll, got, did, lol, character, empire, actually, right, doesn, ulfric, better, kill, going, didn"
Louvain,4,Battlefield,20/20,"maps, battlefield, bf6, map, better, lol, got, bad, team, did, actually, new, player, bf, yeah, doesn, fun, point, cod, shit","maps, battlefield, bf6, map, better, lol, bad, got, team, bf, did, actually, player, new, cod, yeah, doesn, fun, shit, point"
Louvain,2,2007scape,20/20,"lol, content, got, account, did, doing, new, going, yeah, jagex, osrs, ll, getting, bots, actually, better, xp, sure, lot, hours","content, lol, got, account, did, doing, new, going, osrs, jagex, yeah, xp, getting, bots, ll, actually, better, hours, sure, lot"
Louvain,3,Minecraft,20/20,"comment, minecraft, quality, purpose, downvote, rules, breaks, does, fit, poor, fits, report, upvote, submission, reason, removal, 3a, removed, __, 0a","comment, minecraft, quality, purpose, downvote, rules, breaks, does, fit, poor, upvote, fits, report, submission, reason, removal, 3a, removed, __, 0a"
Louvain,12,Destiny,19/20,"trump, right, shit, going, bad, did, actually, say, country, maduro, venezuela, doesn, thing, war, said, fucking, point, world, does, isn","trump, right, shit, going, did, bad, country, actually, say, maduro, venezuela, doesn, war, thing, said, fucking, point, world, does, power"
Louvain,0,deadbydaylight,19/20,"killer, survivor, survivors, seconds, killers, fog, perks, unsummon, drawn, optout, dbd, fun, power, perk, new, got, better, ll, actually, doesn","killer, survivor, survivors, seconds, killers, fog, perks, unsummon, drawn, optout, dbd, perk, fun, power, new, got, ll, better, lol, actually"
Louvain,16,DotA2,19/20,"dota, team, hero, score, heroes, lane, doesn, damage, mmr, enemy, items, better, mid, lol, lot, actually, bad, support, does, got","dota, team, hero, score, lane, heroes, damage, doesn, mmr, enemy, mid, items, better, lol, support, lot, actually, bad, win, got"
Louvain,5,MonsterHunter,19/20,"monster, wilds, monsters, world, hunter, rise, fight, better, new, mh, got, doesn, did, lot, actually, ll, damage, yeah, pretty, thing","monster, wilds, monsters, world, hunter, rise, fight, better, mh, new, got, lot, did, doesn, damage, weapon, ll, actually, pretty, yeah"
Louvain,11,chess,19/20,"chess, position, magnus, world, moderators, player, best, moves, rating, save, classical, comment, removed, better, engine, white, hikaru, doesn, black, submission","chess, position, magnus, moderators, world, moves, best, player, rating, save, classical, removed, better, comment, white, lichess, hikaru, engine, black, doesn"
Louvain,6,skyrim,18/20,"skyrim, armor, level, quest, ll, did, got, mods, mod, lol, character, better, actually, doesn, damage, kill, lot, empire, going, right","skyrim, armor, mod, mods, level, quest, ll, got, did, lol, character, empire, actually, right, doesn, ulfric, better, kill, going, didn"
Louvain,10,Genshin_Impact,17/20,"characters, character, team, new, columbina, better, got, genshin, story, ll, ineffa, doesn, did, actually, dps, damage, lot, does, yeah, probably","characters, character, team, columbina, new, ineffa, genshin, got, better, does, ll, story, reason, process, doesn, did, review, damage, actually, dps"
Louvain,17,DnD,16/20,"character, level, dm, party, spell, rules, going, ll, things, player, doesn, run, say, lot, did, spells, fun, characters, damage, new","character, dm, rules, level, spell, player, dnd, party, new, things, going, spells, characters, say, campaign, fun, ll, magic, does, doesn"
Louvain,13,leagueoflegends,14/20,"doesn, league, team, damage, better, riot, player, lot, say, new, got, going, actually, lane, support, lol, does, thing, isn, elo","team, league, doesn, better, damage, riot, leagueoflegends, read, removed, automatically, player, new, lot, rules, got, 100, lane, lol, actually, say"
Louvain,1,Overwatch,13/20,"questions, automatically, bot, moderators, action, contact, concerns, performed, compose, overwatch, posts, rules, spoilers, new, removed, flair, spoiler, bug, help, does","overwatch, automatically, posts, questions, action, bot, following, concerns, contact, moderators, performed, compose, team, rules, common, bugs, patch, report, bug, information"
Louvain,8,xbox,13/20,"xbox, support, issues, help, removed, following, community, page, years, new, going, ll, better, buy, doesn, reason, point, pc, series, got","xbox, support, issues, following, community, help, page, series, buy, console, program, posts, reason, potential, ll, contact, peer, pc, removed, thank"
Louvain,7,FortNiteBR,12/20,"skin, fortnite, epic, skins, got, season, lol, free, new, yeah, did, player, ll, better, chapter, getting, didn, actually, buy, lot","epic, fortnite, skin, skins, season, got, bot, questions, lol, player, free, team, new, contact, automatically, did, yeah, action, fortnitebr, performed"
Spectral,19,Battlefield,20/20,"maps, battlefield, bf6, map, better, lol, got, bad, team, did, actually, new, player, bf, yeah, doesn, fun, cod, shit, point","maps, battlefield, bf6, map, better, lol, bad, got, team, bf, did, actually, player, new, cod, yeah, doesn, fun, shit, point"
Spectral,0,Minecraft,19/20,"comment, minecraft, quality, purpose, downvote, rules, breaks, does, fit, poor, upvote, report, fits, removed, reason, submission, removal, 3a, new, __","comment, minecraft, quality, purpose, downvote, rules, breaks, does, fit, poor, upvote, fits, report, submission, reason, removal, 3a, removed, __, 0a"
Spectral,13,Destiny,19/20,"trump, right, shit, going, bad, did, actually, say, country, maduro, venezuela, doesn, thing, war, said, fucking, point, world, does, isn","trump, right, shit, going, did, bad, country, actually, say, maduro, venezuela, doesn, war, thing, said, fucking, point, world, does, power"
Spectral,9,PathOfExile2,15/20,"temple, league, build, damage, got, better, lot, doesn, going, maps, new, lol, actually, fun, map, level, right, run, did, try","temple, league, build, questions, damage, maps, try, got, run, topic, doesn, rooms, lot, map, currency, fun, better, level, div, new"
Spectral,15,2007scape,13/20,"chess, lol, did, new, got, content, better, going, player, account, doing, doesn, yeah, lot, say, best, point, actually, level, sure","content, lol, got, account, did, doing, new, going, osrs, jagex, yeah, xp, getting, bots, ll, actually, better, hours, sure, lot"
Spectral,11,Overwatch,11/20,"questions, new, automatically, action, bot, contact, moderators, concerns, performed, character, compose, ll, doesn, does, got, better, going, overwatch, rules, did","overwatch, automatically, posts, questions, action, bot, following, concerns, contact, moderators, performed, compose, team, rules, common, bugs, patch, report, bug, information"
